<?xml version="1.0" encoding="utf-8"?>
	<!-- use the passingScore variable below to set number needed to pass. only used for internal purposes at the moment -->
	<allQuestions passingScore='4'>
		<!-- 
		question types available:
		single
		multi
		input
		-->
		<question type='single' txt="These put anomalous activity like abnormal access to a database or querying a large amount of data into the context of historic behavior." prompt="Choose the best answer">
			<answer>Contextual Tags</answer>
			<answer id="correct">Behavioral Models</answer>
			<answer>Rule Tags</answer>
			<answer>Correlation Rules</answer>
		</question>
		<question type='single' txt="This uses team, department, division, or geographic information to compare a user's behavior to others in the same work organization." prompt="Choose the best answer">
			<answer>Behavioral Modeling</answer>
			<answer>Behavioral Comparison</answer>
			<answer>Functional Work Modeling</answer>
			<answer id="correct">Dynamic Peer Grouping</answer>
		</question>
		<question type='single' txt="These include labels such as “Suspected Leavers” or “Intellectual Property” to help quickly classify users and assets, allowing easy analysis and monitoring of behaviors." prompt="Choose the best answer">
			<answer id="correct">Contextual tags</answer>
			<answer>Classification labels</answer>
			<answer>Context lists</answer>
			<answer>Behavioral tags</answer>
		</question>
	</allQuestions>
	
